Query,URL
query1,https://learn.microsoft.com/en-us/mem/configmgr/develop/reference/osd/query1
query1,https://community.powerbi.com/t5/Desktop/API-Data-source-for-Query1-Help-Automatically-refresh/td-p/1462426
query1,https://github.com/Agirish/tpcds/blob/master/query1.sql
query1,https://www.instagram.com/query1._/
query1,https://answers.sap.com/questions/10444417/no-data-to-retrieve-in-query1-webi-40.html
query1,https://stackoverflow.com/questions/67359516/how-to-use-query1-query2-in-find-mongodb
query1,https://www.postgresql.org/docs/current/queries-union.html
query1,https://www.screener.in/screens/161264/query1/
query1,https://www.examtopics.com/discussions/microsoft/view/96431-exam-sc-200-topic-3-question-50-discussion/
query2,https://learn.microsoft.com/en-us/mem/configmgr/develop/reference/osd/query2
query2,https://github.com/Agirish/tpcds/blob/master/query2.sql
query2,https://help.hcltechsw.com/commerce/9.1.0/graphqlspec/es-query/query2.doc.html
query2,https://stackoverflow.com/questions/67359516/how-to-use-query1-query2-in-find-mongodb
query2,http://query2.e-can.com.tw/ECAN_APP/search.shtm
query2,https://community.powerbi.com/t5/Power-Query/Unable-to-use-parameter-in-query2-which-uses-query1-to-get/td-p/3094913
query2,https://community.powerbi.com/t5/Desktop/Run-query1-on-auto-open-and-query2-on-demand/td-p/3168962
query2,https://projects.eclipse.org/projects/modeling.emf.query2/developer
query2,https://answers.sap.com/questions/2726061/query2.html
query3,https://tanstack.com/query/v4/docs/react/guides/migrating-to-react-query-3
query3,https://twitter.com/UseQuery
query3,https://github.com/Agirish/tpcds/blob/master/query3.sql
query3,https://m.soundcloud.com/query3
query3,https://blog.logrocket.com/whats-new-in-react-query-3/
query3,https://www.researchgate.net/figure/Results-based-on-query-three-Query3_tbl2_335516971
query3,https://www.researchgate.net/figure/Processing-time-for-Query1-Query2-and-Query3-on-five-data-sets-using-three-rewriting_fig10_268870552
query3,https://wplms.io/support/forums/topic/query3/
query3,https://beam.apache.org/releases/pydoc/2.25.0/apache_beam.testing.benchmarks.nexmark.queries.query3.html
